[
  {
    "user": "Tomasz",
    "file": "ks.jpg",
    "from": "shared",
    "time": "2025-05-21 14:27:30"
  },
  {
    "user": "Tomasz",
    "file": "oliwa smok.jpeg",
    "from": "Tomasz",
    "time": "2025-05-21 16:42:59"
  },
  {
    "user": "Tomasz",
    "file": "Dla Piotre\u0142a.m4a",
    "from": "shared",
    "time": "2025-05-21 16:57:40"
  },
  {
    "user": "koko",
    "file": "ogolne.pdf.doc",
    "from": "shared",
    "time": "2025-05-21 17:27:44"
  },
  {
    "user": "Tomasz",
    "file": "hyper in windows.mp4",
    "from": "Tomasz",
    "time": "2025-05-22 00:12:52"
  },
  {
    "user": "Tomasz",
    "file": "Dla Piotre\u0142a.m4a",
    "from": "shared",
    "time": "2025-05-22 00:14:31"
  },
  {
    "user": "admin1",
    "file": "ks.jpg",
    "from": "admin1",
    "time": "2025-05-23 08:06:15"
  }
]